insert into organization (id, name)
values
    ('00000000-0000-0000-0000-000000000001', 'A Clinic'),
    ('00000000-0000-0000-0000-000000000002', 'B Clinic');

insert into member (id, org_id, user_id, name, level, role)
values
    ('10000000-0000-0000-0000-000000000001', '00000000-0000-0000-0000-000000000001', 'aaaaaaaa-aaaa-aaaa-aaaa-aaaaaaaaaaaa', '김기명', 'doctor', 'admin'),
    ('10000000-0000-0000-0000-000000000002', '00000000-0000-0000-0000-000000000002', 'bbbbbbbb-bbbb-bbbb-bbbb-bbbbbbbbbbbb', '이재규', 'doctor', 'viewer');

insert into customer (id, org_id, name, phone)
values
    ('20000000-0000-0000-0000-000000000001', '00000000-0000-0000-0000-000000000001', '고객A', '010-1111-1111'),
    ('20000000-0000-0000-0000-000000000002', '00000000-0000-0000-0000-000000000001', '고객B', '010-1111-1112'),
    ('20000000-0000-0000-0000-000000000003', '00000000-0000-0000-0000-000000000002', '고객C', '010-1111-1113');

insert into resource (id, org_id, name)
values
    ('30000000-0000-0000-0000-000000000001', '00000000-0000-0000-0000-000000000001', '피부 레이저'),
    ('30000000-0000-0000-0000-000000000002', '00000000-0000-0000-0000-000000000002', '모공제거기');

insert into reservation (
    id,
    org_id,
    member_id,
    customer_id,
    resource_id,
    price,
    starts_at,
    ends_at,
    status
)
values
    (
        '40000000-0000-0000-0000-000000000001',
        '00000000-0000-0000-0000-000000000001',
        '10000000-0000-0000-0000-000000000001',
        '20000000-0000-0000-0000-000000000001',
        '30000000-0000-0000-0000-000000000001',

        300000,
        now() + interval '1 hour',
        now() + interval '2 hours',
        'booked'
    ),
    (
        '40000000-0000-0000-0000-000000000002',
        '00000000-0000-0000-0000-000000000002',
        '10000000-0000-0000-0000-000000000002',
        '20000000-0000-0000-0000-000000000003',
        '30000000-0000-0000-0000-000000000002',
        500000,
        now() + interval '3 hours',
        now() + interval '4 hours',
        'booked'
);
